<?xml version="1.0" encoding="UTF-8"?>
<!DOCTYPE mapper PUBLIC "-//mybatis.org//DTD Mapper 3.0//EN"
 "http://mybatis.org/dtd/mybatis-3-mapper.dtd">
 
 <mapper namespace="bm"> 
	<insert id="boardwrite" parameterType="boarddto">
		insert into board210527(bnumber,btitle,bpassword,bwriter,bcontents,bdate,bhits)
					values(board_SEQ.nextval,#{btitle},#{bpassword},#{bwriter},#{bcontents},sysdate,0)
	</insert>
	
	<insert id="boardwritefile" parameterType="boarddto">
		insert into board210527(bnumber,btitle,bpassword,bwriter,bcontents,bdate,bhits,bfilename)
					values(board_SEQ.nextval,#{btitle},#{bpassword},#{bwriter},#{bcontents},sysdate,0,#{bfilename})		
	</insert>
	
	<select id="boardlist" resultType="boarddto">
		select * from board210527
	</select>
	
	<update id="boardhits" parameterType="int">
		update board210527 set bhits=bhits+1 where bnumber=#{bnumber}
	</update>
	
	<select id="boardview" parameterType="int" resultType="boarddto">
		select * from board210527 where bnumber=#{bnumber}
	</select>
	
	<update id="boardupdate" parameterType="boarddto">
		update board210527 set btitle=#{btitle},bcontents=#{bcontents} where bnumber=${bnumber}
	</update>
	
	<delete id="boarddelete" parameterType="int">
		delete from board210527 where bnumber = #{bnumber}
	</delete>
	
	<select id="listcount" resultType="int">
		select count(bnumber) from board210527
	</select>
	
	<select id="boardpaging" parameterType="pagedto" resultType="boarddto">
		SELECT * FROM (SELECT B.*, ROW_NUMBER() OVER(ORDER BY BNUMBER DESC)
			AS RN FROM BOARD210527 B) WHERE RN BETWEEN #{startRow} AND #{endRow} 
	</select>
	
	<select id="boardsearch" parameterType="java.util.HashMap" resultType="boarddto">
		select * from board210527
			<include refid="search"></include>
	</select>
	
	<sql id="search">
		<choose>
			<when test="type=='btitle'">
				where btitle like '%'||#{word}||'%'
			</when>
		</choose>
		<choose>
			<when test="type=='bwriter'">
				where bwriter like '%'||#{word}||'%'
			</when>
		</choose>
	</sql>
	
	
	
	
	
	
	
	
	
	
	
 </mapper>